"0","rm(BMR, cdf, cdf2, cdf3, df_pods2, df_urs2, df_ur.fm.lung2, pdf, pdf2, pdf3"
"0","   , pod.fm.lung, pod.fm.lung.alt, pod.fm.lymph, pod.fm.mamm, pod.fm.uter"
"0","   , ur.fm.comb, ur.fm.comb2, ur.fm.lung.alt, ur.fm.lung, ur.fm.lung2"
"0","   , ur.fm.lymph, ur.fm.lymph2, ur.fm.mamm, ur.fm.mam2, ur.fm.uter"
"0","   , ur.fm.uter2, BMDScaption, fn, fn.fm.lung.ur, fn.PDFCDF.fm.all.ur"
"0","   , fn_mcomp, fn_pdf_pod.fm.lung.alt, fn_pdf_ur.fm.lung.alt, fn_pod.fm.lung"
"0","   , fn_ur.fm.comb, fn_ur.fm.lung, meanBMDS, meanCombIUR, medBMDS, medCombIUR"
"0","   , p.fm.lung.ur, p_PDF_CDF_iur.fm.all, p_ur.fm.comb, ur.fm.all.subtitle"
"0","   , ur.fm.comb3, ur.fm.lung.subtitle, pdf_mcomp, pdf_pod.fm.lung"
"0","   , pdf_pod.fm.lung.alt, pdf_ur.fm.lung, pdf_ur.fm.lung.alt)"
